2024-02-05,08:41:37
2024-02-05,08:43:39
2024-02-05,08:45:42
2024-02-05,08:47:45
2024-02-05,08:49:47
2024-02-05,08:51:50
2024-02-05,08:53:53
2024-02-05,08:55:55
2024-02-05,08:57:58
2024-02-05,09:01:16
2024-02-05,09:04:40
2024-02-05,09:06:43
2024-02-05,09:08:46
2024-02-05,09:10:48
2024-02-05,09:12:51
2024-02-05,09:14:53
2024-02-05,09:16:56
2024-02-05,09:18:59
2024-02-05,09:21:01
2024-02-05,09:23:04
2024-02-05,09:25:07
2024-02-05,09:27:09
2024-02-05,09:29:12
2024-02-05,09:31:15
2024-02-05,09:33:17
2024-02-05,09:35:20
2024-02-05,09:37:22
2024-02-05,09:39:25
2024-02-05,09:41:28
2024-02-05,09:43:30
2024-02-05,09:45:33
2024-02-05,09:47:36
2024-02-05,09:49:38
2024-02-05,10:01:35
2024-02-05,10:03:37
2024-02-05,10:05:40
